hubspot_id,place_id
1,6542a328a129cb65b87a8dfd
2,6542a35ba129cb65b87affe8
3,65a603f5c769fa16f6591598
4,6542a357a129cb65b87aef8d
5,6542a316a129cb65b87a5e2d
6,65a603f5c769fa16f65912e0
7,65a603f5c769fa16f6591579
8,6542a31da129cb65b87a74af
9,6542a2eaa129cb65b87a0466
10,6542a34aa129cb65b87ad4a3
11,65a603f5c769fa16f65912d7
12,6542a338a129cb65b87ab3b0
13,65a603f5c769fa16f65912df
14,65a603f5c769fa16f65914e5
15,65a603f5c769fa16f659121d
16,65a603f5c769fa16f65914d6
17,65a603f5c769fa16f6591524
18,65a603f5c769fa16f6591462
19,6542a359a129cb65b87af617
20,6542a2eca129cb65b87a0a65
21,6542a362a129cb65b87b1531
22,65a603f5c769fa16f65914ba
23,6542a2e8a129cb65b879fff2
24,6542a30ea129cb65b87a4858
25,6542a357a129cb65b87af186
26,6542a2eca129cb65b87a096d
27,6542a31ba129cb65b87a6b3f
28,6542a331a129cb65b87aa0f2
29,65a603f5c769fa16f6591575
30,65a603f5c769fa16f6591445
31,6542a30ea129cb65b87a4949
32,65a603f5c769fa16f6591280
33,6542a328a129cb65b87a8c99
34,65a603f5c769fa16f65913ba
35,6542a338a129cb65b87ab3bc
36,6542a357a129cb65b87af057
37,6542a306a129cb65b87a3a72
38,65a603f5c769fa16f65912c2
39,6542a316a129cb65b87a5fee
40,6542a333a129cb65b87aa4d1
41,6542a312a129cb65b87a4ebc
42,65a603f5c769fa16f65911da
43,6542a370a129cb65b87b3094
44,6542a320a129cb65b87a7ba2
45,6542a337a129cb65b87ab23c
46,65a603f5c769fa16f6591290
47,65a603f5c769fa16f659165b
48,65a603f5c769fa16f65912e3
49,65721c289d400aa33296ccd3
50,6542a347a129cb65b87ad159
51,6542a34fa129cb65b87adb62
52,6542a365a129cb65b87b17e5
53,6542a32fa129cb65b87a9f70
54,65a603f5c769fa16f6591538
55,65a603f5c769fa16f6591403
56,6542a374a129cb65b87b3c2d
57,65a603f5c769fa16f6591284
58,65a603f5c769fa16f65912ae
59,65a603f5c769fa16f6591231
60,6542a312a129cb65b87a50f7
61,6542a31da129cb65b87a72b2
62,65a603f5c769fa16f65912a6
63,65a603f5c769fa16f6591612
64,65a603f5c769fa16f65915c7
65,6542a30ea129cb65b87a47ca
66,6542a31da129cb65b87a731e
67,6542a31ba129cb65b87a6c69
68,6542a336a129cb65b87aac13
69,6542a2eca129cb65b87a0b78
70,65a603f5c769fa16f65912ea
71,6542a30da129cb65b87a447f
72,6542a35ca129cb65b87b03d0
73,6542a32ba129cb65b87a9acb
74,6542a2eaa129cb65b87a05e1
75,656f55169d400aa33296cae8
76,65a603f5c769fa16f65911f6
77,6542a34ca129cb65b87ada04
78,65a603f5c769fa16f6591602
79,6542a36da129cb65b87b29ac
80,65a603f5c769fa16f65912d2
81,65a603f5c769fa16f659148c
82,6542a323a129cb65b87a86b6
83,65a603f5c769fa16f659148a
84,6542a357a129cb65b87af15d
85,65a603f5c769fa16f6591506
86,6542a359a129cb65b87af851
87,6542a34aa129cb65b87ad5ab
88,65a603f5c769fa16f6591543
89,65a603f5c769fa16f65912a5
90,65a603f5c769fa16f659157a
91,6542a2e8a129cb65b87a02f6
92,65a603f5c769fa16f65913a8
93,6542a302a129cb65b87a2fcc
94,65a603f5c769fa16f6591407
95,657f98f6af7027edb912d438
96,6542a302a129cb65b87a300b
97,65a603f5c769fa16f65912de
98,6542a346a129cb65b87acbaf
99,65a603f5c769fa16f65912d0
100,6542a30ba129cb65b87a40d4
101,65a603f5c769fa16f659151f
102,65a603f5c769fa16f65914be
103,65a603f5c769fa16f659128d
104,6542a315a129cb65b87a5d5c
105,6542a2e8a129cb65b87a0009
106,65a603f5c769fa16f659147e
107,65a603f5c769fa16f65912ab
108,6542a30da129cb65b87a45da
109,6542a2e8a129cb65b87a0254
110,65a603f5c769fa16f6591295
111,6542a322a129cb65b87a8475
112,65a603f5c769fa16f6591298
113,65a603f5c769fa16f659129f
114,6542a2eaa129cb65b87a04df
115,6542a329a129cb65b87a9319
116,65a603f5c769fa16f6591560
117,6542a30ea129cb65b87a47bc
118,65a603f5c769fa16f65912b7
119,6542a2eaa129cb65b87a0544
120,65a603f5c769fa16f659150a
121,6542a31da129cb65b87a71f6
122,65a603f5c769fa16f65911d0
123,65a603f5c769fa16f65911e8
124,6542a307a129cb65b87a3baf
125,6542a30ea129cb65b87a46ca
126,6542a305a129cb65b87a35b8
127,6542a30ea129cb65b87a475b
128,65a603f5c769fa16f6591503
129,6542a313a129cb65b87a5517
130,6542a346a129cb65b87accca
131,6542a2e8a129cb65b87a0363
132,65a603f5c769fa16f6591412
133,6542a323a129cb65b87a85bf
134,6542a355a129cb65b87ae995
135,65a603f5c769fa16f65915e3
136,6542a31ca129cb65b87a7072
137,65a603f5c769fa16f65914d8
138,6542a302a129cb65b87a2fd9
139,65a603f5c769fa16f65912a7
140,65a603f5c769fa16f6591299
141,6542a315a129cb65b87a5a50
142,6542a355a129cb65b87ae96d
143,65a603f5c769fa16f65914c1
144,6542a347a129cb65b87ad2a8
145,6542a32ba129cb65b87a98df
146,6542a323a129cb65b87a8816
147,6542a305a129cb65b87a33b5
148,65a603f5c769fa16f659129d
149,65a603f5c769fa16f6591449
150,6542a322a129cb65b87a8275
151,6542a346a129cb65b87acdd2
152,6542a371a129cb65b87b3638
153,65a603f5c769fa16f65914de
154,65a603f5c769fa16f659129c
155,6542a31ca129cb65b87a704e
156,6542a2e8a129cb65b87a0073
157,6542a368a129cb65b87b1a7e
158,65a603f5c769fa16f659144b
159,65a603f5c769fa16f6591505
160,6542a2eaa129cb65b87a0661
161,6542a2fca129cb65b87a2940
162,6542a2fca129cb65b87a283c
163,6542a31fa129cb65b87a7896
164,6542a329a129cb65b87a91e9
165,6542a32aa129cb65b87a97ee
166,6542a2e8a129cb65b87a005e
167,6542a30fa129cb65b87a4b18
168,6542a33da129cb65b87abbe5
169,65a603f5c769fa16f659164c
170,6542a2e8a129cb65b87a03af
171,6542a30ea129cb65b87a49dc
172,6542a329a129cb65b87a91c4
173,6542a316a129cb65b87a5dae
174,6542a2fca129cb65b87a2aa7
175,6542a32fa129cb65b87a9e03
176,6542a2e8a129cb65b87a01c0
177,6542a374a129cb65b87b3aac
178,6542a33ca129cb65b87aba5d
179,6542a30ea129cb65b87a4816
180,6542a317a129cb65b87a61cf
181,65a603f5c769fa16f6591501
182,6542a33da129cb65b87abeb5
183,6542a31da129cb65b87a72a8
184,65a603f5c769fa16f6591537
185,6542a33fa129cb65b87ac4a0
186,65a603f5c769fa16f65912ec
187,6542a31fa129cb65b87a76e8
188,65a603f5c769fa16f65914f1
189,6542a2eaa129cb65b87a067c
190,6542a33ca129cb65b87ab927
191,6542a32ba129cb65b87a9983
192,6542a338a129cb65b87ab3fe
193,6542a34fa129cb65b87add82
194,657cb7c9aef9f78aa4a990fb
195,65a603f5c769fa16f65915ed
196,6542a35ba129cb65b87afff3
197,6542a322a129cb65b87a8421
198,6542a35ba129cb65b87afeea
199,65a603f5c769fa16f65914e2
200,65a603f5c769fa16f65914dd
